bytes,content-type,elapsed,endpoint,resource,status,entry-date,start-date,end-date
117,text/plain; charset=utf-8,0.243,4961c47a4f839e614d377e14b65eba0a397c1b7f32b896184d6925f362692b29,b7c0f17281b1044fddd19a67b75b38e70dc0782d4893fd5a99166ab05f45a94b,200,2021-05-17T10:52:30.973774,,
117,text/plain; charset=utf-8,0.192,4961c47a4f839e614d377e14b65eba0a397c1b7f32b896184d6925f362692b29,b7c0f17281b1044fddd19a67b75b38e70dc0782d4893fd5a99166ab05f45a94b,200,2021-05-18T00:32:30.594476,,
117,text/plain; charset=utf-8,0.185,4961c47a4f839e614d377e14b65eba0a397c1b7f32b896184d6925f362692b29,b7c0f17281b1044fddd19a67b75b38e70dc0782d4893fd5a99166ab05f45a94b,200,2021-05-19T00:29:31.353088,,
117,text/plain; charset=utf-8,0.113,4961c47a4f839e614d377e14b65eba0a397c1b7f32b896184d6925f362692b29,b7c0f17281b1044fddd19a67b75b38e70dc0782d4893fd5a99166ab05f45a94b,200,2021-05-20T00:29:16.042806,,
117,text/plain; charset=utf-8,0.192,4961c47a4f839e614d377e14b65eba0a397c1b7f32b896184d6925f362692b29,b7c0f17281b1044fddd19a67b75b38e70dc0782d4893fd5a99166ab05f45a94b,200,2021-05-21T00:31:01.227959,,
117,text/plain; charset=utf-8,0.109,4961c47a4f839e614d377e14b65eba0a397c1b7f32b896184d6925f362692b29,b7c0f17281b1044fddd19a67b75b38e70dc0782d4893fd5a99166ab05f45a94b,200,2021-05-22T00:30:54.474932,,
117,text/plain; charset=utf-8,0.121,4961c47a4f839e614d377e14b65eba0a397c1b7f32b896184d6925f362692b29,b7c0f17281b1044fddd19a67b75b38e70dc0782d4893fd5a99166ab05f45a94b,200,2021-05-23T00:33:51.006336,,
117,text/plain; charset=utf-8,0.102,4961c47a4f839e614d377e14b65eba0a397c1b7f32b896184d6925f362692b29,b7c0f17281b1044fddd19a67b75b38e70dc0782d4893fd5a99166ab05f45a94b,200,2021-05-24T00:32:17.346579,,
117,text/plain; charset=utf-8,0.195,4961c47a4f839e614d377e14b65eba0a397c1b7f32b896184d6925f362692b29,b7c0f17281b1044fddd19a67b75b38e70dc0782d4893fd5a99166ab05f45a94b,200,2021-05-25T00:32:49.535135,,
117,text/plain; charset=utf-8,0.109,4961c47a4f839e614d377e14b65eba0a397c1b7f32b896184d6925f362692b29,b7c0f17281b1044fddd19a67b75b38e70dc0782d4893fd5a99166ab05f45a94b,200,2021-05-26T00:38:34.744629,,
117,text/plain; charset=utf-8,0.202,4961c47a4f839e614d377e14b65eba0a397c1b7f32b896184d6925f362692b29,b7c0f17281b1044fddd19a67b75b38e70dc0782d4893fd5a99166ab05f45a94b,200,2021-05-27T00:41:42.869002,,
117,text/plain; charset=utf-8,0.134,4961c47a4f839e614d377e14b65eba0a397c1b7f32b896184d6925f362692b29,b7c0f17281b1044fddd19a67b75b38e70dc0782d4893fd5a99166ab05f45a94b,200,2021-05-28T00:46:00.978861,,
117,text/plain; charset=utf-8,0.121,4961c47a4f839e614d377e14b65eba0a397c1b7f32b896184d6925f362692b29,b7c0f17281b1044fddd19a67b75b38e70dc0782d4893fd5a99166ab05f45a94b,200,2021-05-29T00:56:11.352032,,
117,text/plain; charset=utf-8,0.172,4961c47a4f839e614d377e14b65eba0a397c1b7f32b896184d6925f362692b29,b7c0f17281b1044fddd19a67b75b38e70dc0782d4893fd5a99166ab05f45a94b,200,2021-05-30T01:01:26.755848,,
117,text/plain; charset=utf-8,0.139,4961c47a4f839e614d377e14b65eba0a397c1b7f32b896184d6925f362692b29,b7c0f17281b1044fddd19a67b75b38e70dc0782d4893fd5a99166ab05f45a94b,200,2021-05-31T01:08:55.949210,,
117,text/plain; charset=utf-8,0.115,4961c47a4f839e614d377e14b65eba0a397c1b7f32b896184d6925f362692b29,b7c0f17281b1044fddd19a67b75b38e70dc0782d4893fd5a99166ab05f45a94b,200,2021-06-01T01:25:57.589997,,
117,text/plain; charset=utf-8,0.132,4961c47a4f839e614d377e14b65eba0a397c1b7f32b896184d6925f362692b29,b7c0f17281b1044fddd19a67b75b38e70dc0782d4893fd5a99166ab05f45a94b,200,2021-06-02T01:33:24.389899,,
117,text/plain; charset=utf-8,0.125,4961c47a4f839e614d377e14b65eba0a397c1b7f32b896184d6925f362692b29,b7c0f17281b1044fddd19a67b75b38e70dc0782d4893fd5a99166ab05f45a94b,200,2021-06-03T01:15:00.700763,,
117,text/plain; charset=utf-8,0.133,4961c47a4f839e614d377e14b65eba0a397c1b7f32b896184d6925f362692b29,b7c0f17281b1044fddd19a67b75b38e70dc0782d4893fd5a99166ab05f45a94b,200,2021-06-04T01:12:06.017382,,
117,text/plain; charset=utf-8,0.12,4961c47a4f839e614d377e14b65eba0a397c1b7f32b896184d6925f362692b29,b7c0f17281b1044fddd19a67b75b38e70dc0782d4893fd5a99166ab05f45a94b,200,2021-06-05T00:52:42.299984,,
117,text/plain; charset=utf-8,0.119,4961c47a4f839e614d377e14b65eba0a397c1b7f32b896184d6925f362692b29,b7c0f17281b1044fddd19a67b75b38e70dc0782d4893fd5a99166ab05f45a94b,200,2021-06-06T00:43:53.379036,,
117,text/plain; charset=utf-8,0.132,4961c47a4f839e614d377e14b65eba0a397c1b7f32b896184d6925f362692b29,b7c0f17281b1044fddd19a67b75b38e70dc0782d4893fd5a99166ab05f45a94b,200,2021-06-07T00:44:40.366014,,
117,text/plain; charset=utf-8,0.118,4961c47a4f839e614d377e14b65eba0a397c1b7f32b896184d6925f362692b29,b7c0f17281b1044fddd19a67b75b38e70dc0782d4893fd5a99166ab05f45a94b,200,2021-06-08T00:45:22.900603,,
117,text/plain; charset=utf-8,0.129,4961c47a4f839e614d377e14b65eba0a397c1b7f32b896184d6925f362692b29,b7c0f17281b1044fddd19a67b75b38e70dc0782d4893fd5a99166ab05f45a94b,200,2021-06-09T00:28:42.208358,,
117,text/plain; charset=utf-8,0.125,4961c47a4f839e614d377e14b65eba0a397c1b7f32b896184d6925f362692b29,b7c0f17281b1044fddd19a67b75b38e70dc0782d4893fd5a99166ab05f45a94b,200,2021-06-10T00:27:06.241999,,
117,text/plain; charset=utf-8,0.165,4961c47a4f839e614d377e14b65eba0a397c1b7f32b896184d6925f362692b29,b7c0f17281b1044fddd19a67b75b38e70dc0782d4893fd5a99166ab05f45a94b,200,2021-06-11T00:25:42.729163,,
117,text/plain; charset=utf-8,0.122,4961c47a4f839e614d377e14b65eba0a397c1b7f32b896184d6925f362692b29,b7c0f17281b1044fddd19a67b75b38e70dc0782d4893fd5a99166ab05f45a94b,200,2021-06-12T00:22:33.532736,,
117,text/plain; charset=utf-8,0.213,4961c47a4f839e614d377e14b65eba0a397c1b7f32b896184d6925f362692b29,b7c0f17281b1044fddd19a67b75b38e70dc0782d4893fd5a99166ab05f45a94b,200,2021-06-13T00:27:24.558121,,
117,text/plain; charset=utf-8,0.184,4961c47a4f839e614d377e14b65eba0a397c1b7f32b896184d6925f362692b29,b7c0f17281b1044fddd19a67b75b38e70dc0782d4893fd5a99166ab05f45a94b,200,2021-06-14T00:24:31.133633,,
117,text/plain; charset=utf-8,0.135,4961c47a4f839e614d377e14b65eba0a397c1b7f32b896184d6925f362692b29,b7c0f17281b1044fddd19a67b75b38e70dc0782d4893fd5a99166ab05f45a94b,200,2021-06-15T00:25:47.758675,,
117,text/plain; charset=utf-8,0.132,4961c47a4f839e614d377e14b65eba0a397c1b7f32b896184d6925f362692b29,b7c0f17281b1044fddd19a67b75b38e70dc0782d4893fd5a99166ab05f45a94b,200,2021-06-16T00:25:25.957092,,
117,text/plain; charset=utf-8,0.149,4961c47a4f839e614d377e14b65eba0a397c1b7f32b896184d6925f362692b29,b7c0f17281b1044fddd19a67b75b38e70dc0782d4893fd5a99166ab05f45a94b,200,2021-06-17T00:23:46.432116,,
117,text/plain; charset=utf-8,0.192,4961c47a4f839e614d377e14b65eba0a397c1b7f32b896184d6925f362692b29,b7c0f17281b1044fddd19a67b75b38e70dc0782d4893fd5a99166ab05f45a94b,200,2021-06-18T00:24:26.141539,,
117,text/plain; charset=utf-8,0.123,4961c47a4f839e614d377e14b65eba0a397c1b7f32b896184d6925f362692b29,b7c0f17281b1044fddd19a67b75b38e70dc0782d4893fd5a99166ab05f45a94b,200,2021-06-19T00:25:29.001010,,
117,text/plain; charset=utf-8,0.193,4961c47a4f839e614d377e14b65eba0a397c1b7f32b896184d6925f362692b29,b7c0f17281b1044fddd19a67b75b38e70dc0782d4893fd5a99166ab05f45a94b,200,2021-06-20T00:26:39.601048,,
117,text/plain; charset=utf-8,0.122,4961c47a4f839e614d377e14b65eba0a397c1b7f32b896184d6925f362692b29,b7c0f17281b1044fddd19a67b75b38e70dc0782d4893fd5a99166ab05f45a94b,200,2021-06-21T00:25:37.493743,,
117,text/plain; charset=utf-8,0.156,4961c47a4f839e614d377e14b65eba0a397c1b7f32b896184d6925f362692b29,b7c0f17281b1044fddd19a67b75b38e70dc0782d4893fd5a99166ab05f45a94b,200,2021-06-22T00:24:46.573371,,
117,text/plain; charset=utf-8,0.129,4961c47a4f839e614d377e14b65eba0a397c1b7f32b896184d6925f362692b29,b7c0f17281b1044fddd19a67b75b38e70dc0782d4893fd5a99166ab05f45a94b,200,2021-06-23T00:24:39.589285,,
117,text/plain; charset=utf-8,0.135,4961c47a4f839e614d377e14b65eba0a397c1b7f32b896184d6925f362692b29,b7c0f17281b1044fddd19a67b75b38e70dc0782d4893fd5a99166ab05f45a94b,200,2021-06-24T00:19:08.060206,,
117,text/plain; charset=utf-8,0.116,4961c47a4f839e614d377e14b65eba0a397c1b7f32b896184d6925f362692b29,b7c0f17281b1044fddd19a67b75b38e70dc0782d4893fd5a99166ab05f45a94b,200,2021-06-25T00:30:16.999316,,
117,text/plain; charset=utf-8,0.177,4961c47a4f839e614d377e14b65eba0a397c1b7f32b896184d6925f362692b29,b7c0f17281b1044fddd19a67b75b38e70dc0782d4893fd5a99166ab05f45a94b,200,2021-06-26T00:23:54.197657,,
117,text/plain; charset=utf-8,0.121,4961c47a4f839e614d377e14b65eba0a397c1b7f32b896184d6925f362692b29,b7c0f17281b1044fddd19a67b75b38e70dc0782d4893fd5a99166ab05f45a94b,200,2021-06-27T00:28:25.473229,,
117,text/plain; charset=utf-8,0.185,4961c47a4f839e614d377e14b65eba0a397c1b7f32b896184d6925f362692b29,b7c0f17281b1044fddd19a67b75b38e70dc0782d4893fd5a99166ab05f45a94b,200,2021-06-28T00:26:15.351192,,
117,text/plain; charset=utf-8,0.194,4961c47a4f839e614d377e14b65eba0a397c1b7f32b896184d6925f362692b29,b7c0f17281b1044fddd19a67b75b38e70dc0782d4893fd5a99166ab05f45a94b,200,2021-06-29T00:25:50.523818,,
117,text/plain; charset=utf-8,0.202,4961c47a4f839e614d377e14b65eba0a397c1b7f32b896184d6925f362692b29,b7c0f17281b1044fddd19a67b75b38e70dc0782d4893fd5a99166ab05f45a94b,200,2021-06-30T00:25:34.656437,,
117,text/plain; charset=utf-8,0.168,4961c47a4f839e614d377e14b65eba0a397c1b7f32b896184d6925f362692b29,b7c0f17281b1044fddd19a67b75b38e70dc0782d4893fd5a99166ab05f45a94b,200,2021-07-01T00:28:03.491319,,
117,text/plain; charset=utf-8,0.12,4961c47a4f839e614d377e14b65eba0a397c1b7f32b896184d6925f362692b29,b7c0f17281b1044fddd19a67b75b38e70dc0782d4893fd5a99166ab05f45a94b,200,2021-07-02T00:24:42.645639,,
117,text/plain; charset=utf-8,0.137,4961c47a4f839e614d377e14b65eba0a397c1b7f32b896184d6925f362692b29,b7c0f17281b1044fddd19a67b75b38e70dc0782d4893fd5a99166ab05f45a94b,200,2021-07-03T00:24:26.653494,,
117,text/plain; charset=utf-8,0.131,4961c47a4f839e614d377e14b65eba0a397c1b7f32b896184d6925f362692b29,b7c0f17281b1044fddd19a67b75b38e70dc0782d4893fd5a99166ab05f45a94b,200,2021-07-04T00:25:10.765395,,
117,text/plain; charset=utf-8,0.185,4961c47a4f839e614d377e14b65eba0a397c1b7f32b896184d6925f362692b29,b7c0f17281b1044fddd19a67b75b38e70dc0782d4893fd5a99166ab05f45a94b,200,2021-07-05T00:24:04.706301,,
117,text/plain; charset=utf-8,0.152,4961c47a4f839e614d377e14b65eba0a397c1b7f32b896184d6925f362692b29,b7c0f17281b1044fddd19a67b75b38e70dc0782d4893fd5a99166ab05f45a94b,200,2021-07-06T00:26:47.385420,,
117,text/plain; charset=utf-8,0.134,4961c47a4f839e614d377e14b65eba0a397c1b7f32b896184d6925f362692b29,b7c0f17281b1044fddd19a67b75b38e70dc0782d4893fd5a99166ab05f45a94b,200,2021-07-07T00:25:46.782398,,
117,text/plain; charset=utf-8,0.129,4961c47a4f839e614d377e14b65eba0a397c1b7f32b896184d6925f362692b29,b7c0f17281b1044fddd19a67b75b38e70dc0782d4893fd5a99166ab05f45a94b,200,2021-07-08T00:23:38.570147,,
117,text/plain; charset=utf-8,0.159,4961c47a4f839e614d377e14b65eba0a397c1b7f32b896184d6925f362692b29,b7c0f17281b1044fddd19a67b75b38e70dc0782d4893fd5a99166ab05f45a94b,200,2021-07-09T00:27:14.719787,,
117,text/plain; charset=utf-8,0.139,4961c47a4f839e614d377e14b65eba0a397c1b7f32b896184d6925f362692b29,b7c0f17281b1044fddd19a67b75b38e70dc0782d4893fd5a99166ab05f45a94b,200,2021-07-10T00:25:06.103798,,
117,text/plain; charset=utf-8,0.135,4961c47a4f839e614d377e14b65eba0a397c1b7f32b896184d6925f362692b29,b7c0f17281b1044fddd19a67b75b38e70dc0782d4893fd5a99166ab05f45a94b,200,2021-07-11T00:26:06.862666,,
117,text/plain; charset=utf-8,0.122,4961c47a4f839e614d377e14b65eba0a397c1b7f32b896184d6925f362692b29,b7c0f17281b1044fddd19a67b75b38e70dc0782d4893fd5a99166ab05f45a94b,200,2021-07-12T00:26:46.373783,,
117,text/plain; charset=utf-8,0.13,4961c47a4f839e614d377e14b65eba0a397c1b7f32b896184d6925f362692b29,b7c0f17281b1044fddd19a67b75b38e70dc0782d4893fd5a99166ab05f45a94b,200,2021-07-13T00:26:42.471207,,
117,text/plain; charset=utf-8,0.169,4961c47a4f839e614d377e14b65eba0a397c1b7f32b896184d6925f362692b29,b7c0f17281b1044fddd19a67b75b38e70dc0782d4893fd5a99166ab05f45a94b,200,2021-07-14T00:24:05.037925,,
117,text/plain; charset=utf-8,0.151,4961c47a4f839e614d377e14b65eba0a397c1b7f32b896184d6925f362692b29,b7c0f17281b1044fddd19a67b75b38e70dc0782d4893fd5a99166ab05f45a94b,200,2021-07-15T00:24:10.799019,,
